1,Homosapiens,hsa-mir-23b,NA,MI0000439,NA,Myometrial tissue,mir-23,chr9(miR-23b/24-1),,in-house data
2,Homosapiens,hsa-mir-378a,NA,MI0000786,NA,Myometrial tissue,mir-378,NA,,in-house data
3,Homosapiens,hsa-mir-10b,NA,MI0000267,NA,Lower uterine segment myometrial tissues,mir-10,NA,,PMID: 26722471
4,Homosapiens,hsa-mir-16-1,NA,MI0000070,NA,choriodecidua,mir-15,"chr13(miR-15a/16-1), chr3(miR15b/16-2)",,PMID: 25283845
5,Homosapiens,hsa-mir-320a,NA,MI0000542,NA,Endometrium,mir-320,NA,Embryo receptivity and implantation,PMID: 23669656
6,Homosapiens,hsa-mir-222,NA,MI0000299,NA,Myometrial tissue,mir-221,chrX(miR-222/221),,in-house data
7,Homosapiens,hsa-let-7a-1,NA,MI0000060,NA,Myometrial tissue,let-7,chr9(let-7a-1/let-7d),,in-house data
8,Homosapiens,hsa-mir-320b-1,NA,MI0003776,NA,Endometrium,mir-320,NA,Embryo receptivity and implantation,PMID: 23669656
9,Homosapiens,hsa-mir-96,NA,MI0000098,NA,Endometrium,mir-96,chr7(miR-183/182),Embryo receptivity and implantation,PMID: 23669656
10,Homosapiens,hsa-mir-148a,NA,MI0000253,NA,myometrial tissues,mir-148,NA,,PMID: 29447339
11,Homosapiens,hsa-mir-26b,NA,MI0000084,NA,Lower uterine segment myometrial tissues,mir-26,NA,,PMID: 26722471
12,Homosapiens,hsa-mir-15b,NA,MI0000438,NA,Myometrial tissue,mir-15,chr3(miR15b/16-2),,in-house data
13,Homosapiens,hsa-mir-146b,NA,MI0003129,NA,choriodecidua,mir-146,NA,,PMID: 25283845
14,Homosapiens,hsa-mir-212,NA,MI0000288,NA,Lower uterine segment myometrial tissues,mir-132,chr17(miR-212/132),,PMID: 26722471
15,Homosapiens,hsa-mir-320c-1,NA,MI0003778,NA,Endometrium,mir-320,NA,Embryo receptivity and implantation,PMID: 23669656
16,Homosapiens,hsa-mir-181a-1,NA,MI0000289,NA,myometrial tissues,mir-181,chr1(miR-181a-1/181b-1),,PMID:31708868
17,Homosapiens,hsa-let-7f-1,NA,MI0000067,NA,Myometrial tissue,let-7,chr9(let-7a-1/let-7d),,in-house data
18,Homosapiens,hsa-mir-760,NA,MI0005567,NA,maternal plasma,mir-760,NA,,PMID: 27828986
19,Homosapiens,hsa-mir-27b,NA,MI0000440,NA,Myometrial tissue,mir-27,chr9(miR-23b/24-1),,in-house data
20,Homosapiens,hsa-mir-181b-1,NA,MI0000270,NA,myometrial tissues,mir-181,chr1(miR-181a-1/181b-1),,PMID:31708868
21,Homosapiens,hsa-mir-181a-2,NA,MI0000269,NA,myometrial tissues,mir-181,chr9(miR-181a-2/181b-2),,PMID:31708868
22,Homosapiens,hsa-mir-150,NA,MI0000479,NA,myometrial tissues,mir-150,NA,,PMID: 29447339
23,Homosapiens,hsa-mir-200c,NA,MI0000650,NA,myometrial tissues,mir-8,chr12(miR-200c/141),,"PMID:31708868, PMID: 26337112"
24,Homosapiens,hsa-mir-605,NA,MI0003618,NA,Lower uterine segment myometrial tissues,mir-605,NA,,PMID: 26722471
25,Homosapiens,hsa-mir-204,NA,MI0000284,NA,maternal plasma,mir-204,NA,,PMID: 27828986
26,Homosapiens,hsa-mir-9-1,NA,MI0000466,NA,Endometrium,mir-9,NA,Endometriosis,PMID: 23669656
27,Homosapiens,hsa-mir-141,NA,MI0000457,NA,choriodecidua,mir-8 ,chr12(miR-200c/141),,PMID: 25283845
28,Homosapiens,hsa-mir-34b,NA,MI0000742,NA,Endometrium,mir-34,chr11(miR-34b/34c),Endometriosis,PMID: 23669656
29,Homosapiens,hsa-mir-1-1,NA,MI0000651,NA,Myometrial tissue,mir-1,NA,,in-house data
30,Homosapiens,hsa-mir-520a,NA,MI0003149,NA,Plasma samples,mir-515,chr19(miR-512-1/519a-2),,PMID: 28182660
31,Homosapiens,hsa-mir-187,NA,MI0000274,NA,maternal plasma,mir-187,NA,,PMID: 27828986
32,Homosapiens,hsa-mir-139,NA,MI0000261,NA,uterine leiomyoma and myometrium tissue,mir-139,NA,,PMID: 27785063
33,Homosapiens,hsa-let-7f-2,NA,#N/A,NA,#N/A,#N/A,#N/A,#N/A,#N/A
34,Homosapiens,hsa-mir-320d-1,NA,MI0008190,NA,Endometrium,mir-320,NA,Embryo receptivity and implantation,PMID: 23669656
35,Homosapiens,hsa-mir-200b,NA,MI0000342,NA,myometrial tissues,mir-8,chr1(miR-200b/429),,"PMID:31708868, PMID: 26337112"
36,Homosapiens,hsa-mir-199a-1,NA,MI0000242,NA,myometrial tissues,mir-199,NA,,PMID:31708868
37,Homosapiens,hsa-mir-29a,NA,MI0000087,NA,Myometrial tissue,mir-29,chr7(miR-29b-1/29a),,in-house data
38,Homosapiens,hsa-mir-1-2,NA,#N/A,NA,#N/A,#N/A,#N/A,#N/A,#N/A
39,Homosapiens,hsa-mir-1244-1,NA,#N/A,NA,#N/A,#N/A,#N/A,#N/A,#N/A
40,Homosapiens,hsa-mir-181b-2,NA,MI0000683,NA,myometrial tissues,mir-181,chr9(miR-181a-2/181b-2),,PMID:31708868
41,Homosapiens,hsa-mir-4697,NA,MI0017330,NA,Myometrial tissue,NA,NA,,in-house data
42,Homosapiens,hsa-mir-29b-1,NA,MI0000105,NA,choriodecidua,mir-29,"chr7(miR-29b-1/29a), chr1(miR29b-2/29c)",,PMID: 25283845
43,Homosapiens,hsa-mir-34a,NA,MI0000268,NA,Endometrium,mir-34,NA,Endometriosis,PMID: 23669656
44,Homosapiens,hsa-mir-4745,NA,MI0017384,NA,Lower uterine segment myometrial tissues,NA,chr19(miR-4745/3187),,PMID: 26722471
45,Homosapiens,hsa-mir-4746,NA,MI0017385,NA,Lower uterine segment myometrial tissues,NA,NA,,PMID: 26722471
46,Homosapiens,hsa-mir-4768,NA,MI0017409,NA,Myometrial tissue,NA,NA,,in-house data
47,Homosapiens,hsa-mir-885,NA,MI0005560,NA,maternal plasma,mir-885,NA,,PMID: 27828986
48,Homosapiens,hsa-mir-1302-1,NA,#N/A,NA,#N/A,#N/A,#N/A,#N/A,#N/A
49,Homosapiens,hsa-mir-516b-2,NA,MI0003167,NA,Plasma samples,mir-515,chr19(miR-512-1/519a-2),,PMID: 28182660
50,Homosapiens,hsa-mir-519a-1,NA,MI0003178,NA,maternal plasma,mir-515,chr19(miR-512-1/519a-2),,PMID: 27828986
51,Homosapiens,hsa-mir-876,NA,MI0005542,NA,myometrial tissues,mir-876,NA,,PMID: 25757635
52,Homosapiens,hsa-mir-34a,hsa-miR-34a-5p,MI0000268,MIMAT0000255,Endometrium,mir-34,NA,Endometriosis,PMID: 23669656
53,Homosapiens,hsa-mir-21,hsa-miR-21-5p,MI0000077,MIMAT0000076,choriodecidua,mir-21,NA,,PMID: 25283845
54,Homosapiens,hsa-mir-146a,hsa-miR-146a-5p,MI0000477,MIMAT0000449,choriodecidua,mir-146,NA,,PMID: 25283845
55,Homosapiens,hsa-mir-155,hsa-miR-155-5p,MI0000681,MIMAT0000646,choriodecidua,mir-155,NA,,PMID: 25283845
56,Homosapiens,hsa-mir-1-2,hsa-miR-1-3p,#N/A,MIMAT0000416,#N/A,#N/A,#N/A,#N/A,#N/A
57,Homosapiens,hsa-mir-145,hsa-miR-145-5p,MI0000461,MIMAT0000437,Myometrial tissue,mir-145,chr5(miR-143/145),,in-house data
58,Homosapiens,hsa-mir-23b,hsa-miR-23b-3p,MI0000439,MIMAT0000418,Myometrial tissue,mir-23,chr9(miR-23b/24-1),,in-house data
59,Homosapiens,hsa-mir-150,hsa-miR-150-5p,MI0000479,MIMAT0000451,myometrial tissues,mir-150,NA,,PMID: 29447339
60,Homosapiens,hsa-let-7f-1,hsa-let-7f-5p,MI0000067,MIMAT0000067,Myometrial tissue,let-7,chr9(let-7a-1/let-7d),,in-house data
61,Homosapiens,hsa-mir-141,hsa-miR-141-3p,MI0000457,MIMAT0000432,choriodecidua,mir-8 ,chr12(miR-200c/141),,PMID: 25283845
62,Homosapiens,hsa-mir-200c,hsa-miR-200c-3p,MI0000650,MIMAT0000617,myometrial tissues,mir-8,chr12(miR-200c/141),,"PMID:31708868, PMID: 26337112"
63,Homosapiens,hsa-mir-671,hsa-miR-671-5p,MI0003760,MIMAT0003880,maternal plasma,mir-671,NA,,PMID: 27828986
64,Homosapiens,hsa-mir-16-1,hsa-miR-16-5p,MI0000070,MIMAT0000069,choriodecidua,mir-15,"chr13(miR-15a/16-1), chr3(miR15b/16-2)",,PMID: 25283845
65,Homosapiens,hsa-mir-181b-1,hsa-miR-181b-5p,MI0000270,MIMAT0000257,myometrial tissues,mir-181,chr1(miR-181a-1/181b-1),,PMID:31708868
66,Homosapiens,hsa-mir-222,hsa-miR-222-5p,MI0000299,MIMAT0004569,Myometrial tissue,mir-221,chrX(miR-222/221),,in-house data
67,Homosapiens,hsa-mir-26b,hsa-miR-26b-5p,MI0000084,MIMAT0000083,Lower uterine segment myometrial tissues,mir-26,NA,,PMID: 26722471
68,Homosapiens,hsa-mir-34a,hsa-miR-34a-3p,MI0000268,MIMAT0004557,Endometrium,mir-34,NA,Endometriosis,PMID: 23669656
69,Homosapiens,hsa-mir-212,hsa-miR-212-3p,MI0000288,MIMAT0000269,Lower uterine segment myometrial tissues,mir-132,chr17(miR-212/132),,PMID: 26722471
70,Homosapiens,hsa-mir-378a,hsa-miR-378a-3p,MI0000786,MIMAT0000732,Myometrial tissue,mir-378,NA,,in-house data
71,Homosapiens,hsa-mir-330,hsa-miR-330-3p,MI0000803,MIMAT0000751,myometrial tissues,mir-330,NA,,PMID: 29447339
72,Homosapiens,hsa-mir-200b,hsa-miR-200b-3p,MI0000342,MIMAT0000318,myometrial tissues,mir-8,chr1(miR-200b/429),,"PMID:31708868, PMID: 26337112"
73,Homosapiens,hsa-mir-15b,hsa-miR-15b-5p,MI0000438,MIMAT0000417,Myometrial tissue,mir-15,chr3(miR15b/16-2),,in-house data
74,Homosapiens,hsa-mir-17,hsa-miR-17-5p,MI0000071,MIMAT0000070,Myometrial tissue,mir-17,chr13(miR17/92a-1),,in-house data
75,Homosapiens,hsa-mir-200a,hsa-miR-200a-3p,MI0000737,MIMAT0000682,myometrial tissues,mir-8,chr1(miR-200b/429),,"PMID:31708868, PMID: 26337112"
76,Homosapiens,hsa-mir-181a-1,hsa-miR-181a-3p,MI0000289,MIMAT0000270,myometrial tissues,mir-181,chr1(miR-181a-1/181b-1),,PMID:31708868
77,Homosapiens,hsa-mir-490,hsa-miR-490-3p,MI0003125,MIMAT0002806,uterine leiomyoma,mir-490,NA,,PMID: 26722471
78,Homosapiens,hsa-mir-96,hsa-miR-96-5p,MI0000098,MIMAT0000095,Endometrium,mir-96,chr7(miR-183/182),Embryo receptivity and implantation,PMID: 23669656
79,Homosapiens,hsa-mir-151a,hsa-miR-151a-3p,MI0000809,MIMAT0000757,Myometrial tissue,mir-28,NA,,in-house data
80,Homosapiens,hsa-mir-199a-1,hsa-miR-199a-5p,MI0000242,MIMAT0000231,myometrial tissues,mir-199,NA,,PMID:31708868
81,Homosapiens,hsa-mir-148a,hsa-miR-148a-5p,MI0000253,MIMAT0004549,myometrial tissues,mir-148,NA,,PMID: 29447339
82,Homosapiens,hsa-mir-214,hsa-miR-214-5p,MI0000290,MIMAT0004564,myometrial tissues,mir-214,chr1(miR-199a-2/214),,PMID:31708868
83,Homosapiens,hsa-mir-146b,hsa-miR-146b-5p,MI0003129,MIMAT0002809,choriodecidua,mir-146,NA,,PMID: 25283845
84,Homosapiens,hsa-mir-146b,hsa-miR-146b-3p,MI0003129,MIMAT0004766,choriodecidua,mir-146,NA,,PMID: 25283845
85,Homosapiens,hsa-mir-17,hsa-miR-17-3p,MI0000071,MIMAT0000071,Myometrial tissue,mir-17,chr13(miR17/92a-1),,in-house data
86,Homosapiens,hsa-mir-181a-2,hsa-miR-181a-5p,MI0000269,MIMAT0000256,myometrial tissues,mir-181,chr9(miR-181a-2/181b-2),,PMID:31708868
87,Homosapiens,hsa-mir-23b,hsa-miR-23b-5p,MI0000439,MIMAT0004587,Myometrial tissue,mir-23,chr9(miR-23b/24-1),,in-house data
88,Homosapiens,hsa-mir-449a,hsa-miR-449a,MI0001648,MIMAT0001541,maternal plasma,mir-449,chr5(miR-449c-449a),,PMID: 27828986
89,Homosapiens,hsa-mir-1276,hsa-miR-1276,MI0006416,MIMAT0005930,Myometrial tissue,mir-1276,NA,,in-house data
90,Homosapiens,hsa-mir-15b,hsa-miR-15b-3p,MI0000438,MIMAT0004586,Myometrial tissue,mir-15,chr3(miR15b/16-2),,in-house data
91,Homosapiens,hsa-mir-199a-1,hsa-miR-199a-3p,MI0000242,MIMAT0000232,myometrial tissues,mir-199,NA,,PMID:31708868
92,Homosapiens,hsa-mir-204,hsa-miR-204-5p,MI0000284,MIMAT0000265,maternal plasma,mir-204,NA,,PMID: 27828986
93,Homosapiens,hsa-mir-320b-1,hsa-miR-320b,MI0003776,MIMAT0005792,Endometrium,mir-320,NA,Embryo receptivity and implantation,PMID: 23669656
94,Homosapiens,hsa-mir-320c-1,hsa-miR-320c,MI0003778,MIMAT0005793,Endometrium,mir-320,NA,Embryo receptivity and implantation,PMID: 23669656
95,Homosapiens,hsa-mir-320d-1,hsa-miR-320d,MI0008190,MIMAT0006764,Endometrium,mir-320,NA,Embryo receptivity and implantation,PMID: 23669656
96,Homosapiens,hsa-mir-320e,hsa-miR-320e,MI0014234,MIMAT0015072,Endometrium,mir-320,NA,Embryo receptivity and implantation,PMID: 23669656
97,Homosapiens,hsa-mir-9-1,hsa-miR-9-3p,MI0000466,MIMAT0000442,Endometrium,mir-9,NA,Endometriosis,PMID: 23669656
98,Homosapiens,hsa-let-7a-1,hsa-let-7a-5p,MI0000060,MIMAT0000062,Myometrial tissue,let-7,chr9(let-7a-1/let-7d),,in-house data
99,Homosapiens,hsa-let-7b,hsa-let-7b-5p,MI0000063,MIMAT0000063,Endometrium,let-7,chr22(let-7a-3/let-7b),Embryo receptivity and implantation,PMID: 23669656
100,Homosapiens,hsa-mir-206,hsa-miR-206,MI0000490,MIMAT0000462,"Plasma samples, Placental samples",mir-1,chr6(miR-206/133b),,PMID: 26213997
101,Homosapiens,hsa-mir-29a,hsa-miR-29a-3p,MI0000087,MIMAT0000086,Myometrial tissue,mir-29,chr7(miR-29b-1/29a),,in-house data
102,Homosapiens,hsa-mir-29a,hsa-miR-29a-5p,MI0000087,MIMAT0004503,Myometrial tissue,mir-29,chr7(miR-29b-1/29a),,in-house data
103,Homosapiens,hsa-mir-29b-1,hsa-miR-29b-3p,MI0000105,MIMAT0000100,choriodecidua,mir-29,"chr7(miR-29b-1/29a), chr1(miR29b-2/29c)",,PMID: 25283845
104,Homosapiens,hsa-mir-29c,hsa-miR-29c-3p,MI0000735,MIMAT0000681,Endometrium,mir-29,chr1(miR-29b-2/29c),Endometriosis,PMID: 23669656
105,Homosapiens,hsa-mir-151a,hsa-miR-151a-5p,MI0000809,MIMAT0004697,Myometrial tissue,mir-28,NA,,in-house data
106,Homosapiens,hsa-mir-27b,hsa-miR-27b-3p,MI0000440,MIMAT0000419,Myometrial tissue,mir-27,chr9(miR-23b/24-1),,in-house data
107,Homosapiens,hsa-mir-181a-2,hsa-miR-181a-2-3p,MI0000269,MIMAT0004558,myometrial tissues,mir-181,chr9(miR-181a-2/181b-2),,PMID:31708868
108,Homosapiens,hsa-mir-181b-1,hsa-miR-181b-3p,MI0000270,MIMAT0022692,myometrial tissues,mir-181,chr1(miR-181a-1/181b-1),,PMID:31708868
109,Homosapiens,hsa-mir-873,hsa-miR-873-3p,MI0005564,MIMAT0022717,Myometrial tissue,mir-873,NA,,in-house data
110,Homosapiens,hsa-mir-338,hsa-miR-338-3p,MI0000814,MIMAT0000763,Fetal membranes,mir-338,chr17(miR-1250/657),Pregnancy versus term labour,PMID: 23669656
111,Homosapiens,hsa-mir-873,hsa-miR-873-5p,MI0005564,MIMAT0004953,Myometrial tissue,mir-873,NA,,in-house data
112,Homosapiens,hsa-mir-9-1,hsa-miR-9-5p,MI0000466,MIMAT0000441,Endometrium,mir-9,NA,Endometriosis,PMID: 23669656
113,Homosapiens,hsa-mir-4698,hsa-miR-4698,MI0017331,MIMAT0019793,Lower uterine segment myometrial tissues,NA,NA,,PMID: 26722471
114,Homosapiens,hsa-mir-5690,hsa-miR-5690,MI0019295,MIMAT0022482,Myometrial tissue,NA,NA,,in-house data
115,Homosapiens,hsa-mir-760,hsa-miR-760,MI0005567,MIMAT0004957,maternal plasma,mir-760,NA,,PMID: 27828986
116,Homosapiens,hsa-let-7a-1,hsa-let-7a-3p,MI0000060,MIMAT0004481,Myometrial tissue,let-7,chr9(let-7a-1/let-7d),,in-house data
117,Homosapiens,hsa-mir-96,hsa-miR-96-3p,MI0000098,MIMAT0004510,Endometrium,mir-96,chr7(miR-183/182),Embryo receptivity and implantation,PMID: 23669656
118,Homosapiens,hsa-mir-34b,hsa-miR-34b-5p,MI0000742,MIMAT0000685,Endometrium,mir-34,chr11(miR-34b/34c),Endometriosis,PMID: 23669656
119,Homosapiens,hsa-mir-338,hsa-miR-338-5p,MI0000814,MIMAT0004701,Fetal membranes,mir-338,chr17(miR-1250/657),Pregnancy versus term labour,PMID: 23669656
120,Homosapiens,hsa-mir-34b,hsa-miR-34b-3p,MI0000742,MIMAT0004676,Endometrium,mir-34,chr11(miR-34b/34c),Endometriosis,PMID: 23669656
121,Homosapiens,hsa-mir-34c,hsa-miR-34c-3p,MI0000743,MIMAT0004677,Endometrium,mir-34,chr11(miR-34b/34c),Endometriosis,PMID: 23669656
122,Homosapiens,hsa-mir-519a-1,hsa-miR-519a-3p,MI0003178,MIMAT0002869,maternal plasma,mir-515,chr19(miR-512-1/519a-2),,PMID: 27828986
123,Homosapiens,hsa-let-7f-2,hsa-let-7f-2-3p,#N/A,NA,#N/A,#N/A,#N/A,#N/A,#N/A
124,Homosapiens,hsa-mir-222,hsa-miR-222-3p,MI0000299,MIMAT0000279,Myometrial tissue,mir-221,chrX(miR-222/221),,in-house data
125,Homosapiens,hsa-mir-34c,hsa-miR-34c-5p,MI0000743,MIMAT0000686,Endometrium,mir-34,chr11(miR-34b/34c),Endometriosis,PMID: 23669656
126,Homosapiens,hsa-mir-363,hsa-miR-363-3p,MI0000764,MIMAT0000707,uterine leiomyoma,mir-363,chrX(miR-106a/363),,PMID: 26722471
127,Homosapiens,hsa-mir-27b,hsa-miR-27b-5p,MI0000440,MIMAT0004588,Myometrial tissue,mir-27,chr9(miR-23b/24-1),,in-house data
128,Homosapiens,hsa-mir-876,hsa-miR-876-5p,MI0005542,MIMAT0004924,myometrial tissues,mir-876,NA,,PMID: 25757635
129,Homosapiens,hsa-mir-634,hsa-miR-634,MI0003649,MIMAT0003304,Lower uterine segment myometrial tissues,mir-634,NA,,PMID: 26722471
130,Homosapiens,hsa-let-7b,hsa-let-7b-3p,MI0000063,MIMAT0004482,Endometrium,let-7,chr22(let-7a-3/let-7b),Embryo receptivity and implantation,PMID: 23669656
131,Homosapiens,hsa-mir-936,hsa-miR-936,MI0005758,MIMAT0004979,Lower uterine segment myometrial tissues,mir-936,NA,,PMID: 26722471
132,Homosapiens,hsa-mir-520a,hsa-miR-520a-5p,MI0003149,MIMAT0002833,Plasma samples,mir-515,chr19(miR-512-1/519a-2),,PMID: 28182660
133,Homosapiens,hsa-mir-4745,hsa-miR-4745-5p,MI0017384,MIMAT0019878,Lower uterine segment myometrial tissues,NA,chr19(miR-4745/3187),,PMID: 26722471
134,Homosapiens,hsa-mir-518b,hsa-miR-518b,MI0003156,MIMAT0002844,Plasma samples,mir-515,chr19(miR-512-1/519a-2),,PMID: 28182660
135,Homosapiens,hsa-mir-139,hsa-miR-139-5p,MI0000261,MIMAT0000250,uterine leiomyoma and myometrium tissue,mir-139,NA,,PMID: 27785063
136,Homosapiens,hsa-mir-605,hsa-miR-605-5p,MI0003618,MIMAT0003273,Lower uterine segment myometrial tissues,mir-605,NA,,PMID: 26722471
137,Homosapiens,hsa-mir-223,hsa-miR-223-3p,MI0000300,MIMAT0000280,Myometrial tissue,mir-223,NA,,in-house data
138,Homosapiens,hsa-mir-378a,hsa-miR-378a-5p,MI0000786,MIMAT0000731,Myometrial tissue,mir-378,NA,,in-house data
139,Homosapiens,hsa-mir-517a,hsa-miR-517-5p,MI0003161,MIMAT0002851,Plasma samples,mir-515,chr19(miR-512-1/519a-2),,PMID: 28182660
140,Homosapiens,hsa-mir-196b,hsa-miR-196b-3p,MI0001150,MIMAT0009201,myometrial tissues,mir-196,NA,,PMID: 25757635
141,Homosapiens,hsa-mir-200a,hsa-miR-200a-5p,MI0000737,MIMAT0001620,myometrial tissues,mir-8,chr1(miR-200b/429),,"PMID:31708868, PMID: 26337112"
142,Homosapiens,hsa-mir-490,hsa-miR-490-5p,MI0003125,MIMAT0004764,uterine leiomyoma,mir-490,NA,,PMID: 26722471
143,Homosapiens,hsa-mir-10b,hsa-miR-10b-3p,MI0000267,MIMAT0004556,Lower uterine segment myometrial tissues,mir-10,NA,,PMID: 26722471
144,Homosapiens,hsa-mir-146a,hsa-miR-146a-3p,MI0000477,MIMAT0004608,choriodecidua,mir-146,NA,,PMID: 25283845
145,Homosapiens,hsa-mir-187,hsa-miR-187-5p,MI0000274,MIMAT0004561,maternal plasma,mir-187,NA,,PMID: 27828986
146,Homosapiens,hsa-mir-145,hsa-miR-145-3p,MI0000461,MIMAT0004601,Myometrial tissue,mir-145,chr5(miR-143/145),,in-house data
147,Homosapiens,hsa-mir-223,hsa-miR-223-5p,MI0000300,MIMAT0004570,Myometrial tissue,mir-223,NA,,in-house data
148,Homosapiens,hsa-mir-29c,hsa-miR-29c-5p,MI0000735,MIMAT0004673,Endometrium,mir-29,chr1(miR-29b-2/29c),Endometriosis,PMID: 23669656
149,Homosapiens,hsa-mir-299,hsa-miR-299-3p,MI0000744,MIMAT0000687,maternal plasma,mir-299,chr14(miR-379/656),,PMID: 27828986
150,Homosapiens,hsa-mir-518f,hsa-miR-518f-3p,MI0003154,MIMAT0002842,maternal plasma,mir-515,chr19(miR-512-1/519a-2),,PMID: 27828986
151,Homosapiens,hsa-mir-516b-2,hsa-miR-516b-5p,MI0003167,MIMAT0002859,Plasma samples,mir-515,chr19(miR-512-1/519a-2),,PMID: 28182660
152,Homosapiens,hsa-mir-214,hsa-miR-214-3p,MI0000290,MIMAT0000271,myometrial tissues,mir-214,chr1(miR-199a-2/214),,PMID:31708868
153,Homosapiens,hsa-mir-520h,hsa-miR-520h,MI0003175,MIMAT0002867,Plasma samples,mir-515,chr19(miR-512-1/519a-2),,PMID: 28182660
154,Homosapiens,hsa-mir-200b,hsa-miR-200b-5p,MI0000342,MIMAT0004571,myometrial tissues,mir-8,chr1(miR-200b/429),,"PMID:31708868, PMID: 26337112"
155,Homosapiens,hsa-mir-363,hsa-miR-363-5p,MI0000764,MIMAT0003385,uterine leiomyoma,mir-363,chrX(miR-106a/363),,PMID: 26722471
156,Homosapiens,hsa-mir-885,hsa-miR-885-3p,MI0005560,MIMAT0004948,maternal plasma,mir-885,NA,,PMID: 27828986
157,Homosapiens,hsa-mir-1302-1,hsa-miR-1302,#N/A,MIMAT0005890,#N/A,#N/A,#N/A,#N/A,#N/A
158,Homosapiens,hsa-mir-491,hsa-miR-491-3p,MI0003126,MIMAT0002807,maternal plasma,mir-491,NA,,PMID: 27828986
159,Homosapiens,hsa-mir-200c,hsa-miR-200c-5p,MI0000650,MIMAT0004657,myometrial tissues,mir-8,chr12(miR-200c/141),,"PMID:31708868, PMID: 26337112"
160,Homosapiens,hsa-mir-3150b,hsa-miR-3150b-3p,MI0016426,MIMAT0018194,Myometrial tissue,mir-3150,chr8(miR-3150a/3150b),,in-house data
161,Homosapiens,hsa-mir-891a,hsa-miR-891a-5p,MI0005524,MIMAT0004902,myometrial tissues,mir-891,NA,,PMID: 29447339
162,Homosapiens,hsa-mir-1973,hsa-miR-1973,MI0009983,MIMAT0009448,Lower uterine segment myometrial tissues,NA,NA,,PMID: 26722471
163,Homosapiens,hsa-mir-4485,hsa-miR-4485-3p,MI0016846,MIMAT0019019,Lower uterine segment myometrial tissues,NA,NA,,PMID: 26722471
164,Homosapiens,hsa-mir-525,hsa-miR-525-5p,MI0003152,MIMAT0002838,Plasma samples,mir-515,chr19(miR-512-1/519a-2),,PMID: 28182660
165,Homosapiens,hsa-mir-892b,hsa-miR-892b,MI0005538,MIMAT0004918,myometrial tissues,mir-743,chrX(miR-891b/892c),,PMID: 29447339
166,Homosapiens,hsa-mir-645,hsa-miR-645,MI0003660,MIMAT0003315,Myometrial tissue,mir-645,NA,,in-house data
167,Homosapiens,hsa-mir-181b-2,hsa-miR-181b-2-3p,MI0000683,MIMAT0031893,myometrial tissues,mir-181,chr9(miR-181a-2/181b-2),,PMID:31708868
168,Homosapiens,hsa-mir-4428,hsa-miR-4428,MI0016767,MIMAT0018943,Lower uterine segment myometrial tissues,mir-4428,NA,,PMID: 26722471
169,Homosapiens,hsa-mir-605,hsa-miR-605-3p,MI0003618,MIMAT0026621,Lower uterine segment myometrial tissues,mir-605,NA,,PMID: 26722471
170,Homosapiens,hsa-mir-4768,hsa-miR-4768-3p,MI0017409,MIMAT0019921,Myometrial tissue,NA,NA,,in-house data
171,Homosapiens,hsa-mir-4768,hsa-miR-4768-5p,MI0017409,MIMAT0019920,Myometrial tissue,NA,NA,,in-house data
172,Homosapiens,hsa-mir-3975,hsa-miR-3975,MI0016993,MIMAT0019360,Myometrial tissue,NA,NA,,in-house data
173,Homosapiens,hsa-mir-1197,hsa-miR-1197,MI0006656,MIMAT0005955,Myometrial tissue,mir-379,chr14(miR-379/656),,in-house data
174,Homosapiens,hsa-mir-892a,hsa-miR-892a,MI0005528,MIMAT0004907,myometrial tissues,mir-743,chrX(miR-891b/892c),,PMID: 29447339
175,Homosapiens,hsa-mir-4697,hsa-miR-4697-3p,MI0017330,MIMAT0019792,Myometrial tissue,NA,NA,,in-house data
176,Homosapiens,hsa-mir-888,hsa-miR-888-5p,MI0005537,MIMAT0004916,myometrial tissues,mir-743,chrX(miR-891b/892c),,PMID: 29447339
177,Homosapiens,hsa-mir-1244-1,hsa-miR-1244,#N/A,MIMAT0005896,#N/A,#N/A,#N/A,#N/A,#N/A
178,Homosapiens,hsa-mir-1-1,hsa-miR-1-5p,MI0000651,MIMAT0031892,Myometrial tissue,mir-1,NA,,in-house data
179,Homosapiens,hsa-mir-3620,hsa-miR-3620-5p,MI0016011,MIMAT0022967,Lower uterine segment myometrial tissues,NA,NA,,PMID: 26722471
180,Homosapiens,hsa-mir-4539,hsa-miR-4539,MI0016910,MIMAT0019082,Lower uterine segment myometrial tissues,NA,chr14(miR-4537/4539),,PMID: 26722471
181,Homosapiens,hsa-mir-3150b,hsa-miR-3150b-5p,MI0016426,MIMAT0019226,Myometrial tissue,mir-3150,chr8(miR-3150a/3150b),,in-house data
182,Homosapiens,hsa-mir-3945,hsa-miR-3945,MI0016602,MIMAT0018361,Myometrial tissue,NA,NA,,in-house data
183,Homosapiens,hsa-mir-4743,hsa-miR-4743-5p,MI0017381,MIMAT0019874,Lower uterine segment myometrial tissues,NA,NA,,PMID: 26722471
184,Homosapiens,hsa-mir-4697,hsa-miR-4697-5p,MI0017330,MIMAT0019791,Myometrial tissue,NA,NA,,in-house data
185,Homosapiens,hsa-mir-4746,hsa-miR-4746-3p,MI0017385,MIMAT0019881,Lower uterine segment myometrial tissues,NA,NA,,PMID: 26722471
186,Homosapiens,hsa-mir-4485,hsa-miR-4485-5p,MI0016846,MIMAT0032116,Lower uterine segment myometrial tissues,NA,NA,,PMID: 26722471
187,Homosapiens,hsa-mir-137,hsa-miR-137-3p,MI0000454,MIMAT0000429,uterine leiomyoma,mir-137,chr1(miR-137/2682),,PMID: 26722471
188,Homosapiens,hsa-mir-217,hsa-miR-217-5p,MI0000293,MIMAT0000274,uterine leiomyoma,mir-217,chr2(miR-216a/217),,PMID: 26722471
189,Homosapiens,hsa-mir-320a,hsa-miR-320a-3p,MI0000542,MIMAT0000510,Endometrium,mir-320,NA,Embryo receptivity and implantation,PMID: 23669656
190,Homosapiens,hsa-mir-375,hsa-miR-375-3p,MI0000783,MIMAT0000728,Endometrium,mir-375,NA,Embryo receptivity and implantation,PMID: 23669656
191,Homosapiens,hsa-mir-217,hsa-miR-217-3p,MI0000293,MIMAT0037308,uterine leiomyoma,mir-217,chr2(miR-216a/217),,PMID: 26722471
192,Homosapiens,hsa-mir-320a,hsa-miR-320a-5p,MI0000542,MIMAT0037311,Endometrium,mir-320,NA,Embryo receptivity and implantation,PMID: 23669656
193,Homosapiens,hsa-mir-375,hsa-miR-375-5p,MI0000783,MIMAT0037313,Endometrium,mir-375,NA,Embryo receptivity and implantation,PMID: 23669656
194,Homosapiens,hsa-let-7b,NA,MI0000063,NA,Endometrium,let-7,chr22(let-7a-3/let-7b),Embryo receptivity and implantation,PMID: 23669656
195,Homosapiens,hsa-mir-17,NA,MI0000071,NA,Myometrial tissue,mir-17,chr13(miR17/92a-1),,in-house data
196,Homosapiens,hsa-mir-21,NA,MI0000077,NA,choriodecidua,mir-21,NA,,PMID: 25283845
197,Homosapiens,hsa-mir-214,NA,MI0000290,NA,myometrial tissues,mir-214,chr1(miR-199a-2/214),,PMID:31708868
198,Homosapiens,hsa-mir-217,NA,MI0000293,NA,uterine leiomyoma,mir-217,chr2(miR-216a/217),,PMID: 26722471
199,Homosapiens,hsa-mir-223,NA,MI0000300,NA,Myometrial tissue,mir-223,NA,,in-house data
200,Homosapiens,hsa-mir-137,NA,MI0000454,NA,uterine leiomyoma,mir-137,chr1(miR-137/2682),,PMID: 26722471
201,Homosapiens,hsa-mir-145,NA,MI0000461,NA,Myometrial tissue,mir-145,chr5(miR-143/145),,in-house data
202,Homosapiens,hsa-mir-146a,NA,MI0000477,NA,choriodecidua,mir-146,NA,,PMID: 25283845
203,Homosapiens,hsa-mir-206,NA,MI0000490,NA,"Plasma samples, Placental samples",mir-1,chr6(miR-206/133b),,PMID: 26213997
204,Homosapiens,hsa-mir-155,NA,MI0000681,NA,choriodecidua,mir-155,NA,,PMID: 25283845
205,Homosapiens,hsa-mir-29c,NA,MI0000735,NA,Endometrium,mir-29,chr1(miR-29b-2/29c),Endometriosis,PMID: 23669656
206,Homosapiens,hsa-mir-200a,NA,MI0000737,NA,myometrial tissues,mir-8,chr1(miR-200b/429),,"PMID:31708868, PMID: 26337112"
207,Homosapiens,hsa-mir-34c,NA,MI0000743,NA,Endometrium,mir-34,chr11(miR-34b/34c),Endometriosis,PMID: 23669656
208,Homosapiens,hsa-mir-299,NA,MI0000744,NA,maternal plasma,mir-299,chr14(miR-379/656),,PMID: 27828986
209,Homosapiens,hsa-mir-363,NA,MI0000764,NA,uterine leiomyoma,mir-363,chrX(miR-106a/363),,PMID: 26722471
210,Homosapiens,hsa-mir-375,NA,MI0000783,NA,Endometrium,mir-375,NA,Embryo receptivity and implantation,PMID: 23669656
211,Homosapiens,hsa-mir-330,NA,MI0000803,NA,myometrial tissues,mir-330,NA,,PMID: 29447339
212,Homosapiens,hsa-mir-151a,NA,MI0000809,NA,Myometrial tissue,mir-28,NA,,in-house data
213,Homosapiens,hsa-mir-338,NA,MI0000814,NA,Fetal membranes,mir-338,chr17(miR-1250/657),Pregnancy versus term labour,PMID: 23669656
214,Homosapiens,hsa-mir-196b,NA,MI0001150,NA,myometrial tissues,mir-196,NA,,PMID: 25757635
215,Homosapiens,hsa-mir-449a,NA,MI0001648,NA,maternal plasma,mir-449,chr5(miR-449c-449a),,PMID: 27828986
216,Homosapiens,hsa-mir-490,NA,MI0003125,NA,uterine leiomyoma,mir-490,NA,,PMID: 26722471
217,Homosapiens,hsa-mir-491,NA,MI0003126,NA,maternal plasma,mir-491,NA,,PMID: 27828986
218,Homosapiens,hsa-mir-525,NA,MI0003152,NA,Plasma samples,mir-515,chr19(miR-512-1/519a-2),,PMID: 28182660
219,Homosapiens,hsa-mir-518f,NA,MI0003154,NA,maternal plasma,mir-515,chr19(miR-512-1/519a-2),,PMID: 27828986
220,Homosapiens,hsa-mir-520h,NA,MI0003175,NA,Plasma samples,mir-515,chr19(miR-512-1/519a-2),,PMID: 28182660
221,Homosapiens,hsa-mir-634,NA,MI0003649,NA,Lower uterine segment myometrial tissues,mir-634,NA,,PMID: 26722471
222,Homosapiens,hsa-mir-645,NA,MI0003660,NA,Myometrial tissue,mir-645,NA,,in-house data
223,Homosapiens,hsa-mir-671,NA,MI0003760,NA,maternal plasma,mir-671,NA,,PMID: 27828986
224,Homosapiens,hsa-mir-873,NA,MI0005564,NA,Myometrial tissue,mir-873,NA,,in-house data
225,Homosapiens,hsa-mir-936,NA,MI0005758,NA,Lower uterine segment myometrial tissues,mir-936,NA,,PMID: 26722471
226,Homosapiens,hsa-mir-1276,NA,MI0006416,NA,Myometrial tissue,mir-1276,NA,,in-house data
227,Homosapiens,hsa-mir-1197,NA,MI0006656,NA,Myometrial tissue,mir-379,chr14(miR-379/656),,in-house data
228,Homosapiens,hsa-mir-320e,NA,MI0014234,NA,Endometrium,mir-320,NA,Embryo receptivity and implantation,PMID: 23669656
229,Homosapiens,hsa-mir-3620,NA,MI0016011,NA,Lower uterine segment myometrial tissues,NA,NA,,PMID: 26722471
230,Homosapiens,hsa-mir-3150b,NA,MI0016426,NA,Myometrial tissue,mir-3150,chr8(miR-3150a/3150b),,in-house data
231,Homosapiens,hsa-mir-4428,NA,MI0016767,NA,Lower uterine segment myometrial tissues,mir-4428,NA,,PMID: 26722471
232,Homosapiens,hsa-mir-4485,NA,MI0016846,NA,Lower uterine segment myometrial tissues,NA,NA,,PMID: 26722471
233,Homosapiens,hsa-mir-3975,NA,MI0016993,NA,Myometrial tissue,NA,NA,,in-house data
234,Homosapiens,hsa-mir-4698,NA,MI0017331,NA,Lower uterine segment myometrial tissues,NA,NA,,PMID: 26722471
235,Homosapiens,hsa-mir-4743,NA,MI0017381,NA,Lower uterine segment myometrial tissues,NA,NA,,PMID: 26722471
236,Homosapiens,hsa-mir-5690,NA,MI0019295,NA,Myometrial tissue,NA,NA,,in-house data
237,Homosapiens,hsa-mir-518b,NA,MI0003156,NA,Plasma samples,mir-515,chr19(miR-512-1/519a-2),,PMID: 28182660
238,Homosapiens,hsa-mir-517a,NA,MI0003161,NA,Plasma samples,mir-515,chr19(miR-512-1/519a-2),,PMID: 28182660
239,Homosapiens,hsa-mir-891a,NA,MI0005524,NA,myometrial tissues,mir-891,NA,,PMID: 29447339
240,Homosapiens,hsa-mir-892a,NA,MI0005528,NA,myometrial tissues,mir-743,chrX(miR-891b/892c),,PMID: 29447339
241,Homosapiens,hsa-mir-888,NA,MI0005537,NA,myometrial tissues,mir-743,chrX(miR-891b/892c),,PMID: 29447339
242,Homosapiens,hsa-mir-892b,NA,MI0005538,NA,myometrial tissues,mir-743,chrX(miR-891b/892c),,PMID: 29447339
243,Homosapiens,hsa-mir-3945,NA,MI0016602,NA,Myometrial tissue,NA,NA,,in-house data
244,Homosapiens,hsa-mir-4539,NA,MI0016910,NA,Lower uterine segment myometrial tissues,NA,chr14(miR-4537/4539),,PMID: 26722471
245,Homosapiens,hsa-mir-137,hsa-miR-137-5p,MI0000454,MIMAT0037310,uterine leiomyoma,mir-137,chr1(miR-137/2682),,PMID: 26722471
246,Homosapiens,hsa-mir-1973,NA,MI0009983,NA,Lower uterine segment myometrial tissues,NA,NA,,PMID: 26722471
